Role,Company,Location,Link
AI-Native Full-Stack Product Engineer,Right Horizons Wealth,"Bengaluru, IN",https://in.linkedin.com/jobs/view/ai-native-full-stack-product-engineer-at-right-horizons-wealth-4475455193
Full Stack Developer | 8+ Years| Immediate Joiner| Location: Bangalore Preferred|,Innova ESI,"Bengaluru, IN",https://bebee.com/in/jobs/full-stack-developer-8-years-immediate-joiner-location-bangalore-preferred-innova-esi-bengaluru-karn--t7xk-867696214
Full Stack Developer (C++ / Qt / QML),Airbus Group India Pvt Ltd,"Bengaluru, IN",https://apna.co/job/bengaluru/fullstack-developer-c-qt-qml-1348396322
"Java Angular Full Stack Engineer – Spring Boot, REST APIs, SQL/NoSQL & CI/CD",Synechron,"Bengaluru, IN",https://in.linkedin.com/jobs/view/java-angular-full-stack-engineer-%E2%80%93-spring-boot-rest-apis-sql-nosql-ci-cd-at-synechron-4475437243
"Full stack Developer / AI developer (java , angular , spring boot)",NetApp,"Bengaluru, IN",https://careers.netapp.com/job/bengaluru/full-stack-developer-ai-developer-java-angular-spring-boot/27600/101558310144
Engineer Software - Java Full Stack,Empower,"Bengaluru, IN",https://jobs.empower.com/job/bengaluru/engineer-software-java-full-stack/42743/100121170752
Full-Stack Developer (.NET & ReactJS),Sigma-Aldrich Chemicals Private Limited,"Bengaluru, IN",https://careers.merckgroup.com/global/en/job/301224/Full-Stack-Developer-NET-ReactJS
Tech Lead - Sr. Full Stack Developer-Product development,ABB,"Bengaluru, IN",https://careers.abb/us/en/job/JR00045200/Tech-Lead-Sr-Full-Stack-Developer-Product-development
Software Technologist I/II-C#  Full Stack,Philips,"Bengaluru, IN",https://www.careers.philips.com/professional/global/en/job/587348/Software-Technologist-I-II-C-Full-Stack
"Java Full Stack Development - Assistant Vice President | Bangalore, IN",State Street Corporation,"Bengaluru, IN",https://www.efinancialcareers.com/jobs-India-Bangalore-Java_Full_Stack_Development_-_Assistant_Vice_President.id24859119
